algorithm,n_shot,k_disclosed,key_seed,data_seed,consistent_keys,capped,unique,solver_recovered_true_key,nodes_expanded,elapsed_sec
table_add3_k6,7,0,0,0,10,False,False,,31,0.014
table_add3_k6,7,0,0,1,1,False,True,True,21,0.001
table_add3_k6,7,0,0,2,1,False,True,True,13,0.002
table_add3_k6,7,0,1,0,10,False,False,,14,0.001
table_add3_k6,7,0,1,1,1,False,True,True,19,0.001
table_add3_k6,7,0,1,2,20,False,False,,26,0.0
table_add3_k6,7,0,2,0,10,False,False,,21,0.001
table_add3_k6,7,0,2,1,20,False,False,,9,0.0
table_add3_k6,7,0,2,2,20,False,False,,8,0.001
table_add3_k6,7,0,3,0,1,False,True,True,4,0.0
table_add3_k6,7,0,3,1,5,False,False,True,46,0.001
table_add3_k6,7,0,3,2,10,False,False,,26,0.001
table_add3_k6,7,0,4,0,1,False,True,True,27,0.001
table_add3_k6,7,0,4,1,10,False,False,,3,0.001
table_add3_k6,7,0,4,2,10,False,False,,22,0.001
table_add3_k6,8,0,0,0,10,False,False,,31,0.003
table_add3_k6,8,0,0,1,1,False,True,True,13,0.001
table_add3_k6,8,0,0,2,1,False,True,True,12,0.001
table_add3_k6,8,0,1,0,10,False,False,,14,0.001
table_add3_k6,8,0,1,1,1,False,True,True,14,0.001
table_add3_k6,8,0,1,2,20,False,False,,26,0.0
table_add3_k6,8,0,2,0,1,False,True,True,3,0.001
table_add3_k6,8,0,2,1,10,False,False,,7,0.0
table_add3_k6,8,0,2,2,20,False,False,,8,0.001
table_add3_k6,8,0,3,0,1,False,True,True,2,0.0
table_add3_k6,8,0,3,1,1,False,True,True,10,0.0
table_add3_k6,8,0,3,2,1,False,True,True,17,0.001
table_add3_k6,8,0,4,0,1,False,True,True,27,0.001
table_add3_k6,8,0,4,1,1,False,True,True,3,0.001
table_add3_k6,8,0,4,2,10,False,False,,22,0.001
table_add3_k6,9,0,0,0,10,False,False,,22,0.001
table_add3_k6,9,0,0,1,1,False,True,True,12,0.001
table_add3_k6,9,0,0,2,1,False,True,True,12,0.001
table_add3_k6,9,0,1,0,1,False,True,True,5,0.001
table_add3_k6,9,0,1,1,1,False,True,True,13,0.001
table_add3_k6,9,0,1,2,2,False,False,True,8,0.0
table_add3_k6,9,0,2,0,1,False,True,True,3,0.001
table_add3_k6,9,0,2,1,10,False,False,,7,0.001
table_add3_k6,9,0,2,2,10,False,False,,7,0.0
table_add3_k6,9,0,3,0,1,False,True,True,2,0.0
table_add3_k6,9,0,3,1,1,False,True,True,10,0.0
table_add3_k6,9,0,3,2,1,False,True,True,17,0.001
table_add3_k6,9,0,4,0,1,False,True,True,7,0.001
table_add3_k6,9,0,4,1,1,False,True,True,3,0.001
table_add3_k6,9,0,4,2,1,False,True,True,13,0.001
table_add3_k6,10,0,0,0,2,False,False,True,4,0.001
table_add3_k6,10,0,0,1,1,False,True,True,12,0.001
table_add3_k6,10,0,0,2,1,False,True,True,4,0.0
table_add3_k6,10,0,1,0,1,False,True,True,3,0.0
table_add3_k6,10,0,1,1,1,False,True,True,3,0.001
table_add3_k6,10,0,1,2,2,False,False,True,8,0.0
table_add3_k6,10,0,2,0,1,False,True,True,3,0.001
table_add3_k6,10,0,2,1,1,False,True,True,8,0.001
table_add3_k6,10,0,2,2,10,False,False,,2,0.0
table_add3_k6,10,0,3,0,1,False,True,True,2,0.0
table_add3_k6,10,0,3,1,1,False,True,True,10,0.0
table_add3_k6,10,0,3,2,1,False,True,True,17,0.001
table_add3_k6,10,0,4,0,1,False,True,True,7,0.001
table_add3_k6,10,0,4,1,1,False,True,True,3,0.001
table_add3_k6,10,0,4,2,1,False,True,True,3,0.001
table_add3_k6,12,0,0,0,1,False,True,True,3,0.001
table_add3_k6,12,0,0,1,1,False,True,True,12,0.001
table_add3_k6,12,0,0,2,1,False,True,True,4,0.0
table_add3_k6,12,0,1,0,1,False,True,True,3,0.001
table_add3_k6,12,0,1,1,1,False,True,True,2,0.001
table_add3_k6,12,0,1,2,1,False,True,True,6,0.001
table_add3_k6,12,0,2,0,1,False,True,True,2,0.001
table_add3_k6,12,0,2,1,1,False,True,True,8,0.001
table_add3_k6,12,0,2,2,1,False,True,True,3,0.0
table_add3_k6,12,0,3,0,1,False,True,True,2,0.0
table_add3_k6,12,0,3,1,1,False,True,True,7,0.001
table_add3_k6,12,0,3,2,1,False,True,True,8,0.001
table_add3_k6,12,0,4,0,1,False,True,True,7,0.001
table_add3_k6,12,0,4,1,1,False,True,True,2,0.001
table_add3_k6,12,0,4,2,1,False,True,True,3,0.001
table_add3_k6,14,0,0,0,1,False,True,True,3,0.001
table_add3_k6,14,0,0,1,1,False,True,True,7,0.001
table_add3_k6,14,0,0,2,1,False,True,True,4,0.0
table_add3_k6,14,0,1,0,1,False,True,True,3,0.001
table_add3_k6,14,0,1,1,1,False,True,True,2,0.001
table_add3_k6,14,0,1,2,1,False,True,True,5,0.0
table_add3_k6,14,0,2,0,1,False,True,True,2,0.0
table_add3_k6,14,0,2,1,1,False,True,True,8,0.002
table_add3_k6,14,0,2,2,1,False,True,True,2,0.0
table_add3_k6,14,0,3,0,1,False,True,True,2,0.0
table_add3_k6,14,0,3,1,1,False,True,True,7,0.001
table_add3_k6,14,0,3,2,1,False,True,True,8,0.001
table_add3_k6,14,0,4,0,1,False,True,True,8,0.001
table_add3_k6,14,0,4,1,1,False,True,True,2,0.001
table_add3_k6,14,0,4,2,1,False,True,True,2,0.001
table_add3_k6,18,0,0,0,1,False,True,True,3,0.001
table_add3_k6,18,0,0,1,1,False,True,True,2,0.001
table_add3_k6,18,0,0,2,1,False,True,True,2,0.0
table_add3_k6,18,0,1,0,1,False,True,True,3,0.001
table_add3_k6,18,0,1,1,1,False,True,True,2,0.001
table_add3_k6,18,0,1,2,1,False,True,True,3,0.0
table_add3_k6,18,0,2,0,1,False,True,True,2,0.0
table_add3_k6,18,0,2,1,1,False,True,True,8,0.001
table_add3_k6,18,0,2,2,1,False,True,True,2,0.0
table_add3_k6,18,0,3,0,1,False,True,True,2,0.001
table_add3_k6,18,0,3,1,1,False,True,True,7,0.001
table_add3_k6,18,0,3,2,1,False,True,True,3,0.0
table_add3_k6,18,0,4,0,1,False,True,True,2,0.0
table_add3_k6,18,0,4,1,1,False,True,True,2,0.001
table_add3_k6,18,0,4,2,1,False,True,True,2,0.001
table_add3_k6,12,0,0,0,1,False,True,True,3,0.001
table_add3_k6,12,0,0,1,1,False,True,True,12,0.001
table_add3_k6,12,0,0,2,1,False,True,True,4,0.0
table_add3_k6,12,0,1,0,1,False,True,True,3,0.001
table_add3_k6,12,0,1,1,1,False,True,True,2,0.001
table_add3_k6,12,0,1,2,1,False,True,True,6,0.0
table_add3_k6,12,0,2,0,1,False,True,True,2,0.001
table_add3_k6,12,0,2,1,1,False,True,True,8,0.001
table_add3_k6,12,0,2,2,1,False,True,True,3,0.0
table_add3_k6,12,0,3,0,1,False,True,True,2,0.0
table_add3_k6,12,0,3,1,1,False,True,True,7,0.001
table_add3_k6,12,0,3,2,1,False,True,True,8,0.001
table_add3_k6,12,0,4,0,1,False,True,True,7,0.001
table_add3_k6,12,0,4,1,1,False,True,True,2,0.001
table_add3_k6,12,0,4,2,1,False,True,True,3,0.001
table_add3_k6,18,0,0,0,1,False,True,True,3,0.001
table_add3_k6,18,0,0,1,1,False,True,True,2,0.001
table_add3_k6,18,0,0,2,1,False,True,True,2,0.0
table_add3_k6,18,0,1,0,1,False,True,True,3,0.001
table_add3_k6,18,0,1,1,1,False,True,True,2,0.001
table_add3_k6,18,0,1,2,1,False,True,True,3,0.0
table_add3_k6,18,0,2,0,1,False,True,True,2,0.0
table_add3_k6,18,0,2,1,1,False,True,True,8,0.001
table_add3_k6,18,0,2,2,1,False,True,True,2,0.0
table_add3_k6,18,0,3,0,1,False,True,True,2,0.001
table_add3_k6,18,0,3,1,1,False,True,True,7,0.001
table_add3_k6,18,0,3,2,1,False,True,True,3,0.0
table_add3_k6,18,0,4,0,1,False,True,True,2,0.0
table_add3_k6,18,0,4,1,1,False,True,True,2,0.001
table_add3_k6,18,0,4,2,1,False,True,True,2,0.001
