algorithm,key_seed,data_seed,n_train,epochs,lr,stage,paradigm,n_test,accuracy,n_evals,final_val_loss,min_val_loss,takeoff_epoch,legacy_meta,active,run,path
dualptr_k10,1,0,1000,5,0.0002,実験3: 構造ラダー（dualptr / recptr）,pure,500,0.144,1,0.19292660057544708,0.19220679998397827,,False,False,run_20260823_045542,results/llm_finetune/qwen2.5_3b/dualptr_k10/run_20260823_045542
dualptr_k10,2,0,1000,5,0.0002,実験3: 構造ラダー（dualptr / recptr）,pure,500,0.138,1,0.18624871969223022,0.18581260740756989,,False,False,run_20260823_092300,results/llm_finetune/qwen2.5_3b/dualptr_k10/run_20260823_092300
func_22,0,0,1000,5,0.0002,7月: 難易度ラダーの探索（記憶・合成・動的参照）,pure,50,0.12,1,0.1916225254535675,0.19152316451072693,,False,False,run_20260717_000604,results/llm_finetune/qwen2.5_3b/func_22/run_20260717_000604
func_22,0,0,1000,5,0.0002,7月: 難易度ラダーの探索（記憶・合成・動的参照）,pure,200,0.065,1,0.19141548871994019,0.19141548871994019,,False,False,run_20260716_210311,results/llm_finetune/qwen2.5_3b/func_22/run_20260716_210311
func_22,0,0,5000,5,0.0002,7月: 難易度ラダーの探索（記憶・合成・動的参照）,pure,200,0.08,1,0.19183765351772308,0.19183765351772308,,False,False,run_20260718_024256,results/llm_finetune/qwen2.5_3b/func_22/run_20260718_024256
func_22,42,42,16,1,0.0002,7月: 難易度ラダーの探索（記憶・合成・動的参照）,pot,,,0,,,,True,False,run_20260703_164407,results/llm_finetune/qwen2.5_3b/func_22/run_20260703_164407
func_22,42,42,40,3,0.0002,7月: 難易度ラダーの探索（記憶・合成・動的参照）,pot,,,0,,,,True,False,run_20260703_160130,results/llm_finetune/qwen2.5_3b/func_22/run_20260703_160130
func_22,42,42,200,1,0.0002,7月: 難易度ラダーの探索（記憶・合成・動的参照）,pot,,,0,,,,True,False,run_20260704_143051,results/llm_finetune/qwen2.5_3b/func_22/run_20260704_143051
func_22,42,42,200,1,5e-05,7月: 難易度ラダーの探索（記憶・合成・動的参照）,pot,,,0,,,,True,False,run_20260704_060001,results/llm_finetune/qwen2.5_3b/func_22/run_20260704_060001
func_22,42,42,200,2,0.0002,7月: 難易度ラダーの探索（記憶・合成・動的参照）,pure,,,0,,,,True,False,run_20260705_025608,results/llm_finetune/qwen2.5_3b/func_22/run_20260705_025608
func_22,42,42,200,2,0.0002,7月: 難易度ラダーの探索（記憶・合成・動的参照）,pot,,,0,,,,True,False,run_20260704_132018,results/llm_finetune/qwen2.5_3b/func_22/run_20260704_132018
func_22,42,42,200,2,0.0002,7月: 難易度ラダーの探索（記憶・合成・動的参照）,rationale,,,0,,,,True,False,run_20260705_021019,results/llm_finetune/qwen2.5_3b/func_22/run_20260705_021019
func_22,42,42,200,3,0.0002,7月: 難易度ラダーの探索（記憶・合成・動的参照）,pure,,,0,,,,True,False,run_20260706_115157,results/llm_finetune/qwen2.5_3b/func_22/run_20260706_115157
func_22,42,42,200,3,0.0002,7月: 難易度ラダーの探索（記憶・合成・動的参照）,pure,,,0,,,,True,False,run_20260707_082446,results/llm_finetune/qwen2.5_3b/func_22/run_20260707_082446
func_22,42,42,800,3,0.0002,7月: 難易度ラダーの探索（記憶・合成・動的参照）,pot,,,0,,,,True,False,run_20260703_200935,results/llm_finetune/qwen2.5_3b/func_22/run_20260703_200935
func_22,42,42,800,3,0.0002,7月: 難易度ラダーの探索（記憶・合成・動的参照）,pure,,,0,,,,True,False,run_20260704_204311,results/llm_finetune/qwen2.5_3b/func_22/run_20260704_204311
func_22,42,42,800,3,0.0002,7月: 難易度ラダーの探索（記憶・合成・動的参照）,pot,,,0,,,,True,False,run_20260701_162356,results/llm_finetune/qwen2.5_3b/func_22/run_20260701_162356
func_22_k10,0,0,1000,5,0.0002,実験6: 鍵の交絡,pure,500,0.2,1,0.17974624037742615,0.1741679310798645,,False,True,run_20260909_195019,results/llm_finetune/qwen2.5_3b/func_22_k10/run_20260909_195019
func_22_k10,1,0,1000,5,0.0002,実験3: 構造ラダー（dualptr / recptr）,pure,500,0.13,1,0.1917870193719864,0.1917870193719864,,False,False,run_20260823_004525,results/llm_finetune/qwen2.5_3b/func_22_k10/run_20260823_004525
func_22_k10,1,0,3000,5,0.0002,実験4: 学習量スイープ,pure,500,0.122,1,0.19181767106056213,0.19181767106056213,,False,False,run_20260823_151707,results/llm_finetune/qwen2.5_3b/func_22_k10/run_20260823_151707
func_22_k10,1,0,5000,5,0.0002,実験4: 学習量スイープ,pure,500,0.126,1,0.19164741039276123,0.19164741039276123,,False,False,run_20260823_210006,results/llm_finetune/qwen2.5_3b/func_22_k10/run_20260823_210006
func_22_k10,2,0,1000,5,0.0002,実験3: 構造ラダー（dualptr / recptr）,pure,500,0.16,1,0.18022367358207703,0.18022367358207703,,False,False,run_20260823_025131,results/llm_finetune/qwen2.5_3b/func_22_k10/run_20260823_025131
lookup_k10,0,0,1000,5,0.0002,7月: 難易度ラダーの探索（記憶・合成・動的参照）,pure,50,1.0,1,9.817583304538857e-06,9.817583304538857e-06,1,False,False,run_20260716_142731,results/llm_finetune/qwen2.5_3b/lookup_k10/run_20260716_142731
lookup_k26,0,0,1000,5,0.0002,7月: 難易度ラダーの探索（記憶・合成・動的参照）,pure,50,1.0,1,1.2626909665414132e-05,1.2626909665414132e-05,2,False,False,run_20260716_160156,results/llm_finetune/qwen2.5_3b/lookup_k26/run_20260716_160156
lookup_k4,0,0,1000,5,0.0002,7月: 難易度ラダーの探索（記憶・合成・動的参照）,pure,50,1.0,1,1.1736416126950644e-05,1.1736416126950644e-05,1,False,False,run_20260716_125310,results/llm_finetune/qwen2.5_3b/lookup_k4/run_20260716_125310
narrowptr_k10_m1,1,0,1000,5,0.0002,実験5: 参照範囲ラダー（narrowptr）,pure,500,0.098,1,0.19181984663009644,0.1917845606803894,,False,False,run_20260902_015225,results/llm_finetune/qwen2.5_3b/narrowptr_k10_m1/run_20260902_015225
narrowptr_k10_m1,2,0,1000,5,0.0002,実験5: 参照範囲ラダー（narrowptr）,pure,500,0.134,1,0.18872378766536713,0.18872378766536713,,False,False,run_20260902_101812,results/llm_finetune/qwen2.5_3b/narrowptr_k10_m1/run_20260902_101812
narrowptr_k10_m2,1,0,1000,5,0.0002,実験5: 参照範囲ラダー（narrowptr）,pure,500,0.096,1,0.1918121725320816,0.19114567339420319,,False,False,run_20260902_035831,results/llm_finetune/qwen2.5_3b/narrowptr_k10_m2/run_20260902_035831
narrowptr_k10_m2,2,0,1000,5,0.0002,実験5: 参照範囲ラダー（narrowptr）,pure,500,0.174,1,0.17208397388458252,0.17208397388458252,,False,False,run_20260902_122450,results/llm_finetune/qwen2.5_3b/narrowptr_k10_m2/run_20260902_122450
narrowptr_k10_m3,1,0,1000,5,0.0002,実験5: 参照範囲ラダー（narrowptr）,pure,500,0.09,1,0.19234687089920044,0.1917497217655182,,False,False,run_20260902_060434,results/llm_finetune/qwen2.5_3b/narrowptr_k10_m3/run_20260902_060434
narrowptr_k10_m3,2,0,1000,5,0.0002,実験5: 参照範囲ラダー（narrowptr）,pure,500,0.198,1,0.16499274969100952,0.16499274969100952,,False,False,run_20260902_143124,results/llm_finetune/qwen2.5_3b/narrowptr_k10_m3/run_20260902_143124
narrowptr_k10_m5,1,0,1000,5,0.0002,実験5: 参照範囲ラダー（narrowptr）,pure,500,0.098,1,0.1921902894973755,0.19184432923793793,,False,False,run_20260902_081227,results/llm_finetune/qwen2.5_3b/narrowptr_k10_m5/run_20260902_081227
narrowptr_k10_m5,2,0,1000,5,0.0002,実験5: 参照範囲ラダー（narrowptr）,pure,500,0.136,1,0.1882714033126831,0.1879248023033142,,False,False,run_20260902_164130,results/llm_finetune/qwen2.5_3b/narrowptr_k10_m5/run_20260902_164130
pointer_chain_k10_d1,0,0,1000,5,0.0002,実験2: 深さラダー（pointer_chain）,pure,500,0.304,1,0.17313358187675476,0.13856631517410278,2,False,False,run_20260816_143142,results/llm_finetune/qwen2.5_3b/pointer_chain_k10_d1/run_20260816_143142
pointer_chain_k10_d1,1,0,1000,5,0.0002,実験2: 深さラダー（pointer_chain）,pure,500,0.248,1,0.17111442983150482,0.17111442983150482,,False,False,run_20260816_195925,results/llm_finetune/qwen2.5_3b/pointer_chain_k10_d1/run_20260816_195925
pointer_chain_k10_d1,2,0,1000,5,0.0002,実験2: 深さラダー（pointer_chain）,pure,500,0.358,1,0.1968851089477539,0.1519964635372162,,False,False,run_20260816_235035,results/llm_finetune/qwen2.5_3b/pointer_chain_k10_d1/run_20260816_235035
pointer_chain_k10_d2,0,0,1000,5,0.0002,実験2: 深さラダー（pointer_chain）,pure,500,0.384,1,0.1241731271147728,0.1241731271147728,2,False,False,run_20260816_161732,results/llm_finetune/qwen2.5_3b/pointer_chain_k10_d2/run_20260816_161732
pointer_chain_k10_d2,1,0,1000,5,0.0002,実験2: 深さラダー（pointer_chain）,pure,500,0.242,1,0.18367943167686462,0.1805160641670227,,False,False,run_20260816_214500,results/llm_finetune/qwen2.5_3b/pointer_chain_k10_d2/run_20260816_214500
pointer_chain_k10_d2,2,0,1000,5,0.0002,実験2: 深さラダー（pointer_chain）,pure,500,0.356,1,0.1305180788040161,0.1305180788040161,4,False,False,run_20260817_013649,results/llm_finetune/qwen2.5_3b/pointer_chain_k10_d2/run_20260817_013649
pointer_chain_k10_d3,1,0,1000,5,0.0002,実験2: 深さラダー（pointer_chain）,pure,500,0.316,1,0.15590596199035645,0.15590596199035645,,False,False,run_20260817_095544,results/llm_finetune/qwen2.5_3b/pointer_chain_k10_d3/run_20260817_095544
pointer_chain_k10_d3,2,0,1000,5,0.0002,実験2: 深さラダー（pointer_chain）,pure,500,0.44,1,0.1319032907485962,0.13123852014541626,3,False,False,run_20260817_120042,results/llm_finetune/qwen2.5_3b/pointer_chain_k10_d3/run_20260817_120042
pointer_k10,0,0,1000,5,0.0002,7月: 難易度ラダーの探索（記憶・合成・動的参照）,pure,50,0.34,1,0.18620578944683075,0.1395995169878006,2,False,False,run_20260728_033104,results/llm_finetune/qwen2.5_3b/pointer_k10/run_20260728_033104
pointer_k26,0,0,1000,5,0.0002,7月: 難易度ラダーの探索（記憶・合成・動的参照）,pure,50,0.14,1,0.17141669988632202,0.17043456435203552,,False,False,run_20260728_051352,results/llm_finetune/qwen2.5_3b/pointer_k26/run_20260728_051352
pointer_k26,0,0,5000,5,0.0002,7月: 難易度ラダーの探索（記憶・合成・動的参照）,pure,50,0.18,1,0.1579282283782959,0.1579282283782959,,False,False,run_20260728_070545,results/llm_finetune/qwen2.5_3b/pointer_k26/run_20260728_070545
recptr_k10,1,0,1000,5,0.0002,実験3: 構造ラダー（dualptr / recptr）,pure,500,0.104,1,0.19146423041820526,0.19146423041820526,,False,False,run_20260823_070158,results/llm_finetune/qwen2.5_3b/recptr_k10/run_20260823_070158
recptr_k10,2,0,1000,5,0.0002,実験3: 構造ラダー（dualptr / recptr）,pure,500,0.2,1,0.1588629186153412,0.1588629186153412,,False,False,run_20260823_113251,results/llm_finetune/qwen2.5_3b/recptr_k10/run_20260823_113251
secret_add,0,0,200,5,0.0002,7月: 難易度ラダーの探索（記憶・合成・動的参照）,pure,50,1.0,1,1.267e-05,1.267e-05,4,False,False,run_20260716_121139,results/llm_finetune/qwen2.5_3b/secret_add/run_20260716_121139
secret_add,0,0,1000,5,0.0002,7月: 難易度ラダーの探索（記憶・合成・動的参照）,pure,50,1.0,1,6.010463494021678e-06,6.010463494021678e-06,1,False,False,run_20260717_011729,results/llm_finetune/qwen2.5_3b/secret_add/run_20260717_011729
simple_add,0,0,20,30,0.0002,7月: 難易度ラダーの探索（記憶・合成・動的参照）,pure,20,1.0,1,0.2964,0.2855,,False,False,run_20260716_120102,results/llm_finetune/qwen2.5_3b/simple_add/run_20260716_120102
simple_add,0,0,1000,5,0.0002,7月: 難易度ラダーの探索（記憶・合成・動的参照）,pure,50,1.0,1,3.084875788772479e-05,3.084875788772479e-05,1,False,False,run_20260716_225546,results/llm_finetune/qwen2.5_3b/simple_add/run_20260716_225546
simple_add,42,42,200,3,0.0002,7月: 難易度ラダーの探索（記憶・合成・動的参照）,pure,,,0,,,,True,False,run_20260706_112544,results/llm_finetune/qwen2.5_3b/simple_add/run_20260706_112544
simple_add,42,42,200,3,2e-05,7月: 難易度ラダーの探索（記憶・合成・動的参照）,pure,,,0,,,,True,False,run_20260705_190237,results/llm_finetune/qwen2.5_3b/simple_add/run_20260705_190237
simple_add,42,42,200,3,0.0002,7月: 難易度ラダーの探索（記憶・合成・動的参照）,pure,,,0,,,,True,False,run_20260705_132018,results/llm_finetune/qwen2.5_3b/simple_add/run_20260705_132018
simple_add,42,42,2000,3,0.0002,7月: 難易度ラダーの探索（記憶・合成・動的参照）,pure,,,0,,,,True,False,run_20260705_233644,results/llm_finetune/qwen2.5_3b/simple_add/run_20260705_233644
table_add3_k10,0,0,1000,5,0.0002,実験5b: 静的端点の検証,pure,500,0.996,1,0.010351257398724556,0.010193031281232834,3,False,True,run_20260729_023201,results/llm_finetune/qwen2.5_3b/table_add3_k10/run_20260729_023201
table_add3_k10,1,0,1000,5,0.0002,実験5b: 静的端点の検証,pure,500,0.106,1,0.19240088760852814,0.1922638714313507,,False,True,run_20260905_231205,results/llm_finetune/qwen2.5_3b/table_add3_k10/run_20260905_231205
table_add3_k10,2,0,1000,5,0.0002,実験5b: 静的端点の検証,pure,500,0.262,1,0.13741956651210785,0.13741956651210785,4,False,True,run_20260906_010906,results/llm_finetune/qwen2.5_3b/table_add3_k10/run_20260906_010906
table_add3_k10,3,0,1000,5,0.0002,実験6: 鍵の交絡,pure,500,0.998,1,0.0005437823128886521,0.0005437823128886521,1,False,True,run_20260909_215428,results/llm_finetune/qwen2.5_3b/table_add3_k10/run_20260909_215428
table_add3_k10,3,1,1000,5,0.0002,実験7: seed ばらつきの検証,pure,500,1.0,1,0.0006101355538703501,0.0006101355538703501,2,False,True,run_20260912_171242,results/llm_finetune/qwen2.5_3b/table_add3_k10/run_20260912_171242
table_add3_k10,3,1,1000,5,0.0002,実験7: seed ばらつきの検証,pure,500,0.99,1,0.0024430854246020317,0.0024430854246020317,3,False,True,run_20260912_190607,results/llm_finetune/qwen2.5_3b/table_add3_k10/run_20260912_190607
table_add3_k10,3,2,1000,5,0.0002,実験7: seed ばらつきの検証,pure,500,0.982,1,0.0037962989881634712,0.0037962989881634712,4,False,True,run_20260912_225525,results/llm_finetune/qwen2.5_3b/table_add3_k10/run_20260912_225525
table_add3_k10,4,0,1000,5,0.0002,実験6: 鍵の交絡,pure,500,0.968,1,0.0077957939356565475,0.0077957939356565475,2,False,True,run_20260909_234850,results/llm_finetune/qwen2.5_3b/table_add3_k10/run_20260909_234850
table_add3_k10,5,0,1000,5,0.0002,実験6: 鍵の交絡,pure,500,0.174,1,0.16500525176525116,0.16500525176525116,,False,True,run_20260910_014404,results/llm_finetune/qwen2.5_3b/table_add3_k10/run_20260910_014404
table_add3_k10,6,0,1000,5,0.0002,実験6: 鍵の交絡,pure,500,0.102,1,0.19060318171977997,0.19021138548851013,,False,True,run_20260910_033625,results/llm_finetune/qwen2.5_3b/table_add3_k10/run_20260910_033625
table_add3_k10,6,1,1000,5,0.0002,実験7: seed ばらつきの検証,pure,500,1.0,1,0.0003061410679947585,0.0003061410679947585,1,False,True,run_20260912_210005,results/llm_finetune/qwen2.5_3b/table_add3_k10/run_20260912_210005
table_add3_k10,6,2,1000,5,0.0002,実験7: seed ばらつきの検証,pure,500,0.962,1,0.01688026264309883,0.01688026264309883,4,False,True,run_20260913_004808,results/llm_finetune/qwen2.5_3b/table_add3_k10/run_20260913_004808
table_add3_k10,7,0,1000,5,0.0002,実験6: 鍵の交絡,pure,500,0.336,1,0.14362306892871857,0.14362306892871857,5,False,True,run_20260910_053027,results/llm_finetune/qwen2.5_3b/table_add3_k10/run_20260910_053027
table_add3_k10,8,0,1000,5,0.0002,実験6: 鍵の交絡,pure,500,0.106,1,0.1880323439836502,0.1880323439836502,,False,True,run_20260910_072655,results/llm_finetune/qwen2.5_3b/table_add3_k10/run_20260910_072655
table_add3_k10,9,0,1000,5,0.0002,実験6: 鍵の交絡,pure,500,0.116,1,0.1900927573442459,0.1900927573442459,,False,True,run_20260910_092238,results/llm_finetune/qwen2.5_3b/table_add3_k10/run_20260910_092238
table_add3_k26,0,0,1000,5,0.0002,7月: 難易度ラダーの探索（記憶・合成・動的参照）,pure,50,0.12,1,0.19358955323696136,0.19296064972877502,,False,False,run_20260729_041333,results/llm_finetune/qwen2.5_3b/table_add3_k26/run_20260729_041333
table_add3_k26,0,0,5000,5,0.0002,7月: 難易度ラダーの探索（記憶・合成・動的参照）,pure,50,0.14,1,0.19183535873889923,0.19183535873889923,,False,False,run_20260729_055650,results/llm_finetune/qwen2.5_3b/table_add3_k26/run_20260729_055650
table_add_k10,0,0,1000,5,0.0002,7月: 難易度ラダーの探索（記憶・合成・動的参照）,pure,50,1.0,1,0.00017761476919986308,0.00017761476919986308,4,False,False,run_20260716_173814,results/llm_finetune/qwen2.5_3b/table_add_k10/run_20260716_173814
table_add_k13,0,0,1000,5,0.0002,7月: 難易度ラダーの探索（記憶・合成・動的参照）,pure,50,1.0,1,0.0009070350206457078,0.0009070350206457078,4,False,False,run_20260717_132044,results/llm_finetune/qwen2.5_3b/table_add_k13/run_20260717_132044
table_add_k16,0,0,1000,5,0.0002,7月: 難易度ラダーの探索（記憶・合成・動的参照）,pure,50,1.0,1,0.0013311102520674467,0.0013311102520674467,3,False,False,run_20260717_150129,results/llm_finetune/qwen2.5_3b/table_add_k16/run_20260717_150129
table_add_k20,0,0,1000,5,0.0002,7月: 難易度ラダーの探索（記憶・合成・動的参照）,pure,50,0.24,1,0.19167976081371307,0.19108207523822784,,False,False,run_20260717_164228,results/llm_finetune/qwen2.5_3b/table_add_k20/run_20260717_164228
table_add_k26,0,0,1000,5,0.0002,7月: 難易度ラダーの探索（記憶・合成・動的参照）,pure,50,0.08,1,0.1927528828382492,0.19207455217838287,,False,False,run_20260716_192129,results/llm_finetune/qwen2.5_3b/table_add_k26/run_20260716_192129
table_add_k26,0,0,5000,5,0.0002,7月: 難易度ラダーの探索（記憶・合成・動的参照）,pure,50,1.0,1,5.379990398068912e-05,5.379990398068912e-05,2,False,False,run_20260717_182330,results/llm_finetune/qwen2.5_3b/table_add_k26/run_20260717_182330
table_add_k26,0,0,5000,5,0.0002,7月: 難易度ラダーの探索（記憶・合成・動的参照）,pure,50,1.0,1,0.00015085277846083045,0.00015085277846083045,2,False,False,run_20260721_161433,results/llm_finetune/qwen2.5_3b/table_add_k26/run_20260721_161433
